MN_No,MA_No,Pali_Chunk_ID,Han_Seg_ID,Mapping_Quality,Han_Fanout,Confidence_Tier,Emb_Sim_Combined,Lex_Overlap,Hyb_Similarity,P_Char_Len,H_Char_Len,Div_Score,Div_Type,Div_Confidence,Missing_Term_Score,Len_Asymmetry,Emb_Z,Sutta_Emb_Mean,Sutta_Emb_Std,Missing_Terms,Present_Terms,Pali_Text,Han_Text
82,132,MN.82.c098,MA.132.105,TRUE_PAIR,1,3,0.0421,0.0,0.0253,124,7,0.9832,SEMANTIC_DRIFT,HIGH,1.0,4.147,2.553,0.2141,0.0674,sabbam|pahaya|katham,,assako loko sabbaṃ pahāya gamanīya nti bhavaṃ raṭṭhapālo āha imassa pana bho raṭṭhapāla bhāsitassa kathaṃ attho daṭṭhabbo ti,治者 我必取之
121,190,MN.121.c008,MA.190.4,TRUE_PAIR,1,3,0.0631,0.0,0.0378,247,1,0.9748,OMISSION,HIGH,1.0,7.948,0.974,0.1719,0.1117,seyyathapi|ananda|evameva|bhikkhu|sabbam|paticca,,seyyathāpi ānanda āsabhacammaṃ saṅkusatena suvihataṃ vigatavalikaṃ evameva kho ānanda bhikkhu yaṃ imissā pathaviyā ukkūlavikkūlaṃ nadīviduggaṃ khāṇukaṇṭakaṭṭhānaṃ pabbatavisamaṃ taṃ sabbaṃ amanasikaritvā pathavīsaññaṃ paṭicca manasi karoti ekattaṃ,耶
50,131,MN.50.c040,MA.131.68,TRUE_PAIR,1,3,0.0821,0.0,0.0492,207,23,0.9672,SEMANTIC_DRIFT,HIGH,1.0,3.17,2.618,0.2715,0.0723,papima|tamha|tassa|honti|itipi,,sahāpalokanāya ca pana pāpima dūsī māro tamhā ca ṭhānā cavi mahānirayañca upapajji tassa kho pana pāpima mahānirayassa tayo nāmadheyyā honti chaphassāyataniko itipi saṅkusamāhato itipi paccattavedaniyo itipi,魔汝莫厭佛 莫嬈害比丘 一比丘降魔 住在於怖林
125,198,MN.125.c057,MA.198.41,TRUE_PAIR,1,3,0.0836,0.0,0.0502,169,17,0.9666,SEMANTIC_DRIFT,HIGH,1.0,3.313,2.024,0.2428,0.0787,cepi|ranno|avinito|sankham|gacchati,,mahallako cepi aggivessana rañño nāgo adanto avinīto kālaṅkaroti adantamaraṇaṃ mahallako rañño nāgo kālaṅkato tveva saṅkhaṃ gacchati majjhimo cepi aggivessana rañño nāgo,可重 實可供養 為一切天人良福田也
21,193,MN.21.c001,MA.193.1,TRUE_PAIR,1,3,0.0851,0.0,0.0511,180,21,0.966,SEMANTIC_DRIFT,HIGH,1.0,3.1,2.775,0.2438,0.0572,ekam|bhagava|viharati|tena|samayena|ayasma|saddhim,,evaṃ me sutaṃ ekaṃ samayaṃ bhagavā sāvatthiyaṃ viharati jetavane anāthapiṇḍikassa ārāme tena kho pana samayena āyasmā moḷiyaphagguno bhikkhunīhi saddhiṃ ativelaṃ saṃsaṭṭho viharati,我聞如是 一時 佛遊舍衛國 在勝林給孤獨園
40,183,MN.40.c006,MA.183.3,TRUE_PAIR,1,3,0.0458,0.0833,0.0608,274,11,0.965,OMISSION,HIGH,1.0,4.639,1.481,0.2483,0.1367,vadami,,nāhaṃ bhikkhave ubbhaṭṭhakassa ubbhaṭṭhakamattena sāmaññaṃ vadāmi nāhaṃ bhikkhave pariyāyabhattikassa pariyāyabhattikamattena sāmaññaṃ vadāmi nāhaṃ bhikkhave mantajjhāyakassa mantajjhāyakamattena sāmaññaṃ vadāmi nāhaṃ bhikkhave jaṭilakassa jaṭādhāraṇamattena sāmaññaṃ vadāmi,諸比丘白曰 爾也 世尊
93,151,MN.93.c001,MA.151.1,TRUE_PAIR,1,3,0.092,0.0,0.0552,213,21,0.9632,SEMANTIC_DRIFT,HIGH,1.0,3.342,1.969,0.237,0.0737,ekam|bhagava|viharati|tena|samayena,,evaṃ me sutaṃ ekaṃ samayaṃ bhagavā sāvatthiyaṃ viharati jetavane anāthapiṇḍikassa ārāme tena kho pana samayena nānāverajjakānaṃ brāhmaṇānaṃ pañcamattāni brāhmaṇasatāni sāvatthiyaṃ paṭivasanti kenacideva karaṇīyena,我聞如是 一時 佛遊舍衛國 在勝林給孤獨園
78,179,MN.78.c003,MA.179.3,TRUE_PAIR,1,3,0.0935,0.0,0.0561,285,26,0.9626,OMISSION,HIGH,1.0,3.454,1.138,0.2431,0.1315,yena|pancakango|thapati,,yaṃnūnāhaṃ yena samayappavādako tindukācīro ekasālako mallikāya ārāmo yena uggāhamāno paribbājako samaṇamuṇḍikāputto tenupasaṅkameyya nti atha kho pañcakaṅgo thapati yena samayappavādako tindukācīro ekasālako mallikāya ārāmo yena uggāhamāno paribbājako samaṇamuṇḍikāputto tenupasaṅkami,一娑邏末利異學園 於是 五支物主便至比道遊戲歡樂 近
75,153,MN.75.c024,MA.153.20,TRUE_PAIR,1,3,0.0942,0.0,0.0565,166,12,0.9623,SEMANTIC_DRIFT,HIGH,1.0,3.79,1.958,0.2593,0.0843,kamehi|annatra|akusalehi|dhammehi|sukham|taya|tattha,,yāhayaṃ māgaṇḍiya rati aññatreva kāmehi aññatra akusalehi dhammehi api dibbaṃ sukhaṃ samadhigayha tiṭṭhati tāya ratiyā ramamāno hīnassa na pihemi na tattha abhiramāmi,壞地 敗壞地者 無可用耶
22,200,MN.22.c025,MA.200.12,TRUE_PAIR,1,3,0.0945,0.0,0.0567,179,11,0.9622,SEMANTIC_DRIFT,HIGH,1.0,4.024,2.388,0.259,0.0689,tvam|attana|ceva|bhavissati,,atha ca pana tvaṃ moghapurisa attanā duggahitena amhe ceva abbhācikkhasi attānañca khanasi bahuñca apuññaṃ pasavasi tañhi te moghapurisa bhavissati dīgharattaṃ ahitāya dukkhāyā ti,法答 我今當問諸比丘也
31,185,MN.31.c018,MA.185.19,TRUE_PAIR,1,3,0.0948,0.0,0.0569,168,16,0.9621,SEMANTIC_DRIFT,HIGH,1.0,3.392,2.02,0.2283,0.0661,atthi|anuruddha|siya|bhante,,atthi pana vo anuruddhā evaṃ appamattānaṃ ātāpīnaṃ pahitattānaṃ viharantānaṃ uttarimanussadhammā alamariyañāṇadassanaviseso adhigato phāsuvihāro ti kiñhi no siyā bhante,問曰 金毘羅 云何安隱 無所乏耶
27,146,MN.27.c001,MA.146.1,TRUE_PAIR,1,3,0.0947,0.0,0.0568,263,21,0.9621,SEMANTIC_DRIFT,HIGH,1.0,3.647,2.141,0.2646,0.0793,ekam|bhagava|viharati|tena|samayena|brahmano,,evaṃ me sutaṃ ekaṃ samayaṃ bhagavā sāvatthiyaṃ viharati jetavane anāthapiṇḍikassa ārāme tena kho pana samayena jāṇussoṇi brāhmaṇo sabbasetena vaḷavābhirathena sāvatthiyā niyyāti divādivassa addasā kho jāṇussoṇi brāhmaṇo pilotikaṃ paribbājakaṃ dūratova āgacchantaṃ,我聞如是 一時 佛遊舍衛國 在勝林給孤獨園
75,153,MN.75.c038,MA.153.40,TRUE_PAIR,1,3,0.0739,0.0,0.0444,166,25,0.9615,SEMANTIC_DRIFT,HIGH,1.0,2.731,2.199,0.2593,0.0843,kamehi|annatra|akusalehi|dhammehi|sukham|taya|tattha,,yāhayaṃ māgaṇḍiya rati aññatreva kāmehi aññatra akusalehi dhammehi api dibbaṃ sukhaṃ samadhigayha tiṭṭhati tāya ratiyā ramamāno hīnassa na pihemi na tattha abhiramāmi,坑炙 如是更生瘡轉增多 本瘡轉大 然彼反以癩瘡為樂
75,153,MN.75.c002,MA.153.2,TRUE_PAIR,1,3,0.0853,0.0,0.0512,186,26,0.9605,SEMANTIC_DRIFT,HIGH,1.0,2.839,2.064,0.2593,0.0843,yena|ajjhogahetva,,kammāsadhammaṃ piṇḍāya caritvā pacchābhattaṃ piṇḍapātapaṭikkanto yena aññataro vanasaṇḍo tenupasaṅkami divāvihārāya taṃ vanasaṇḍaṃ ajjhogāhetvā aññatarasmiṃ rukkhamūle divāvihāraṃ nisīdi,爾時 世尊過夜平旦 著衣持鉢 入釰摩瑟曇次第乞食 食
97,27,MN.97.c035,MA.27.24,TRUE_PAIR,1,3,0.1012,0.0,0.0607,288,9,0.9595,SEMANTIC_DRIFT,HIGH,1.0,5.0,2.409,0.2466,0.0603,atthi|dhananjani|ceva|papakammam|mannasi|hetu|assa,,atthi kho dhanañjāni aññesaṃ hetukā dhammikā kammantā yehi sakkā mātāpitaro ceva posetuṃ na ca pāpakammaṃ kātuṃ puññañca paṭipadaṃ paṭipajjituṃ taṃ kiṃ maññasi dhanañjāni yo vā puttadārassa hetu adhammacārī visamacārī assa yo vā puttadārassa hetu dhammacārī samacārī assa katamaṃ seyyo ti,灌 請尊者舍梨子食
13,99,MN.13.c001,MA.99.1,TRUE_PAIR,1,3,0.1025,0.0,0.0615,186,21,0.959,OMISSION,HIGH,1.0,3.147,1.217,0.2187,0.0955,ekam|bhagava|viharati|bhikkhu,,evaṃ me sutaṃ ekaṃ samayaṃ bhagavā sāvatthiyaṃ viharati jetavane anāthapiṇḍikassa ārāme atha kho sambahulā bhikkhū pubbaṇhasamayaṃ nivāsetvā pattacīvaramādāya sāvatthiṃ piṇḍāya pāvisiṃsu,我聞如是 一時 佛遊舍衛國 在勝林給孤獨園
24,9,MN.24.c022,MA.9.20,TRUE_PAIR,1,3,0.1046,0.0,0.0628,292,5,0.9582,SEMANTIC_DRIFT,HIGH,1.0,5.868,1.982,0.244,0.0703,avuso|panavuso,,kiṃ nu kho āvuso diṭṭhivisuddhi anupādāparinibbāna nti no hidaṃ āvuso kiṃ panāvuso kaṅkhāvitaraṇavisuddhi anupādāparinibbāna nti no hidaṃ āvuso kiṃ nu kho āvuso maggāmaggañāṇadassanavisuddhi anupādāparinibbāna nti no hidaṃ āvuso kiṃ panāvuso paṭipadāñāṇadassanavisuddhi anupādāparinibbāna nti,答曰 不也
135,170,MN.135.c018,MA.170.28,TRUE_PAIR,1,3,0.0939,0.0,0.0564,131,18,0.9579,SEMANTIC_DRIFT,HIGH,1.0,2.863,2.089,0.2245,0.0625,kayassa|bheda|param|marana|sugatim|saggam|lokam|sace,,no ce kāyassa bhedā paraṃ maraṇā sugatiṃ saggaṃ lokaṃ upapajjati sace manussattaṃ āgacchati yattha yattha paccājāyati pāsādiko hoti,掊床四脚下 鸚鵡摩納便從彼處大得寶物
22,200,MN.22.c065,MA.200.43,TRUE_PAIR,1,3,0.1058,0.0,0.0635,231,18,0.9577,SEMANTIC_DRIFT,HIGH,1.0,3.682,2.224,0.259,0.0689,tathagatassa|nirodhaya,,so suṇāti tathāgatassa vā tathāgatasāvakassa vā sabbesaṃ diṭṭhiṭṭhānādhiṭṭhānapariyuṭṭhānābhinivesānusayānaṃ samugghātāya sabbasaṅkhārasamathāya sabbūpadhipaṭinissaggāya taṇhākkhayāya virāgāya nirodhāya nibbānāya dhammaṃ desentassa,椎胸而發狂癡 比丘 如是因內有恐怖也
78,179,MN.78.c004,MA.179.4,TRUE_PAIR,1,3,0.1079,0.0,0.0647,248,15,0.9568,OMISSION,HIGH,1.0,4.047,1.029,0.2431,0.1315,tena|samayena|saddhim|nisinno|hoti|anekavihitam|seyyathidam,,tena kho pana samayena uggāhamāno paribbājako samaṇamuṇḍikāputto mahatiyā paribbājakaparisāya saddhiṃ nisinno hoti unnādiniyā uccāsaddamahāsaddāya anekavihitaṃ tiracchānakathaṃ kathentiyā seyyathidaṃ rājakathaṃ corakathaṃ mahāmattakathaṃ senākathaṃ,巾頭阿梨 往詣一娑邏末利異學園
82,132,MN.82.c015,MA.132.8,TRUE_PAIR,1,3,0.1097,0.0,0.0658,259,13,0.9561,SEMANTIC_DRIFT,HIGH,1.0,4.316,1.55,0.2141,0.0674,vutte|etadavocum|tvam|mayam|bhavissama,,evaṃ vutte raṭṭhapālassa kulaputtassa mātāpitaro raṭṭhapālaṃ kulaputtaṃ etadavocuṃ tvaṃ khosi tāta raṭṭhapāla amhākaṃ ekaputtako piyo manāpo sukhedhito sukhaparibhato na tvaṃ tāta raṭṭhapāla kassaci dukkhassa jānāsi maraṇenapi te mayaṃ akāmakā vinā bhavissāma,世尊告曰 居士子 隨汝所欲
82,132,MN.82.c034,MA.132.24,TRUE_PAIR,1,3,0.0985,0.0,0.0591,221,31,0.9551,SEMANTIC_DRIFT,HIGH,1.0,2.834,1.716,0.2141,0.0674,sace|tumhe|agarasma|anagariyam,,sace tumhe raṭṭhapālaṃ kulaputtaṃ nānujānissatha agārasmā anagāriyaṃ pabbajjāya tattheva maraṇaṃ āgamissati sace pana tumhe raṭṭhapālaṃ kulaputtaṃ anujānissatha agārasmā anagāriyaṃ pabbajjāya pabbajitampi naṃ dakkhissatha,愛樂 見無厭足 彼將去度 當莫與食 尊者賴吒惒羅知已 便速出去
82,132,MN.82.c077,MA.132.84,TRUE_PAIR,1,3,0.1084,0.0,0.065,232,30,0.955,SEMANTIC_DRIFT,HIGH,1.0,2.951,1.569,0.2141,0.0674,sutva|agarasma|anagariyam|pabbajito|idha|honti|tassa|parikkhayam,,kiṃ bhavaṃ raṭṭhapālo ñatvā vā disvā vā sutvā vā agārasmā anagāriyaṃ pabbajito katamañca bho raṭṭhapāla ñātipārijuññaṃ idha bho raṭṭhapāla ekaccassa bahū honti mittāmaccā ñātisālohitā tassa te ñātakā anupubbena parikkhayaṃ gacchanti,皆能射御 嚴毅勇猛 王子 力士 鍮邏騫提摩訶能伽 占相 策慮
27,146,MN.27.c008,MA.146.6,TRUE_PAIR,1,3,0.1138,0.0,0.0683,284,20,0.9545,SEMANTIC_DRIFT,HIGH,1.0,3.828,1.901,0.2646,0.0793,samano|gotamo|gotamena|ceva|samanam|vadam|savaka,,te samaṇo gotamo dhammiyā kathāya sandasseti samādapeti samuttejeti sampahaṃseti te samaṇena gotamena dhammiyā kathāya sandassitā samādapitā samuttejitā sampahaṃsitā na ceva samaṇaṃ gotamaṃ pañhaṃ pucchanti kutossa vādaṃ āropessanti aññadatthu samaṇasseva gotamassa sāvakā sampajjanti,卑盧異學答曰 梵志 我見世尊禮事 供養來
77,207,MN.77.c006,MA.207.3,TRUE_PAIR,1,3,0.1175,0.0,0.0705,220,15,0.953,OMISSION,HIGH,1.0,3.874,1.316,0.2094,0.0698,bhante|bhagava|ekamantam|etadavoca,,nisīdatu bhante bhagavā idamāsanaṃ paññatta nti nisīdi bhagavā paññatte āsane sakuludāyīpi kho paribbājako aññataraṃ nīcaṃ āsanaṃ gahetvā ekamantaṃ nisīdi ekamantaṃ nisinnaṃ kho sakuludāyiṃ paribbājakaṃ bhagavā etadavoca,檀著於肩上 往至孔雀林異學園中
99,152,MN.99.c026,MA.152.37,TRUE_PAIR,1,3,0.1183,0.0,0.071,258,26,0.9527,SEMANTIC_DRIFT,HIGH,1.0,3.311,2.205,0.2631,0.0657,bhasitam|nama|netam|thanam|vijjati,,tesamidaṃ bhāsitaṃ hassakaṃyeva sampajjati nāmakaṃyeva sampajjati rittakaṃyeva sampajjati tucchakaṃyeva sampajjati kathañhi nāma manussabhūto uttarimanussadhammā alamariyañāṇadassanavisesaṃ ñassati vā dakkhati vā sacchi vā karissatīti netaṃ ṭhānaṃ vijjatī ti,夜婆陀揵尼 六曰應疑羅婆 七曰婆私吒 八曰迦葉 九曰
82,132,MN.82.c107,MA.132.124,TRUE_PAIR,1,3,0.1203,0.0,0.0722,300,22,0.9519,OMISSION,HIGH,1.0,3.769,1.392,0.2141,0.0674,tattha|maharaja|mayam,,bahū tattha hatthikāyā assakāyā rathakāyā pattikāyā bahu tattha dhanadhaññaṃ bahu tattha hiraññasuvaṇṇaṃ akatañceva katañca bahu tattha itthipariggaho sakkā ca tāvatakeneva balamattena abhivijinituṃ abhivijina mahārājā ti kinti naṃ kareyyāsī ti tampi mayaṃ bho raṭṭhapāla abhivijiya ajjhāvaseyyāmā ti,果熟自墮 老少亦如斯 欲莊美愛樂 心趣好惡色
123,32,MN.123.c013,MA.32.9,TRUE_PAIR,1,3,0.1196,0.0,0.0717,251,32,0.9512,SEMANTIC_DRIFT,HIGH,1.0,2.972,2.435,0.3098,0.0781,tattha|satta|kira|santi|loke,,yepi tattha sattā upapannā tepi tenobhāsena aññamaññaṃ sañjānanti aññepi kira bho santi sattā idhūpapannāti ayañca dasasahassī lokadhātu saṅkampati sampakampati sampavedhati appamāṇo ca uḷāro obhāso loke pātubhavati atikkammeva devānaṃ devānubhāva nti,住母胎 不為血所污 亦不為精及諸不淨所污者 我受持是世尊未曾有法
49,78,MN.49.c004,MA.78.5,TRUE_PAIR,1,3,0.1134,0.0,0.068,171,23,0.9511,SEMANTIC_DRIFT,HIGH,1.0,2.894,2.117,0.2752,0.0764,etadavoca|imam|yadidam,,addasā kho maṃ bhikkhave bako brahmā dūratova āgacchantaṃ disvāna maṃ etadavoca ehi kho mārisa svāgataṃ mārisa cirassaṃ kho mārisa imaṃ pariyāyamakāsi yadidaṃ idhāgamanāya,申臂頃 於舍衛國勝林給孤獨園忽沒不現 往梵天上
22,200,MN.22.c049,MA.200.30,TRUE_PAIR,1,3,0.1233,0.0,0.074,144,7,0.9507,SEMANTIC_DRIFT,HIGH,1.0,4.363,1.97,0.259,0.0689,nissaya|sotthina|param,,yaṃnūnāhaṃ tiṇakaṭṭhasākhāpalāsaṃ saṃkaḍḍhitvā kullaṃ bandhitvā taṃ kullaṃ nissāya hatthehi ca pādehi ca vāyamamāno sotthinā pāraṃ uttareyya nti,椑栰 乘之而度
143,28,MN.143.c023,MA.28.37,TRUE_PAIR,1,3,0.121,0.0,0.0726,178,23,0.95,SEMANTIC_DRIFT,HIGH,1.0,2.952,1.977,0.28,0.0805,gahapati|sikkhitabbam|upadiyissami|bhavissati|evanhi,,tasmātiha te gahapati evaṃ sikkhitabbaṃ na cakkhusamphassajaṃ vedanaṃ upādiyissāmi na ca me cakkhusamphassajāvedanānissitaṃ viññāṇaṃ bhavissatī ti evañhi te gahapati sikkhitabbaṃ,轉輪王所敬 玉女寶第一 往詣佛一步 不當十六分
43,211,MN.43.c040,MA.211.74,TRUE_PAIR,1,3,0.1254,0.0,0.0752,246,31,0.9495,SEMANTIC_DRIFT,HIGH,1.0,2.988,1.732,0.2487,0.0712,panavuso|avuso,,kati panāvuso paccayā animittāya cetovimuttiyā vuṭṭhānāyā ti dve kho āvuso paccayā animittāya cetovimuttiyā vuṭṭhānāya sabbanimittānañca manasikāro animittāya ca dhātuyā amanasikāro ime kho āvuso dve paccayā animittāya cetovimuttiyā vuṭṭhānāyā ti,尊者大拘絺羅答曰 比丘入滅盡定時 先滅身行 次滅口行 後滅意行
97,27,MN.97.c029,MA.27.20,TRUE_PAIR,1,3,0.1264,0.0,0.0759,146,4,0.9494,SEMANTIC_DRIFT,HIGH,1.0,5.19,1.991,0.2466,0.0603,mannasi|dhananjani|ranno|hetu|assa|tamenam,,taṃ kiṃ maññasi dhanañjāni idhekacco rañño hetu adhammacārī visamacārī assa tamenaṃ adhammacariyāvisamacariyāhetu nirayaṃ nirayapālā upakaḍḍheyyuṃ,加蘭哆園
93,151,MN.93.c044,MA.151.54,TRUE_PAIR,1,3,0.1288,0.0,0.0773,148,11,0.9485,OMISSION,HIGH,1.0,3.75,1.469,0.237,0.0737,gotama|uppanno|siya|tipi|brahmano,,yo so bho gotama brāhmaṇakumārena khattiyakaññāya putto uppanno siyā so mātupi sadiso pitupi sadiso khattiyo tipi vattabbo brāhmaṇo tipi vattabbo ti,往呪之 汝作灰汝作灰耶
108,145,MN.108.c050,MA.145.63,TRUE_PAIR,1,3,0.1306,0.0,0.0783,203,12,0.9478,SEMANTIC_DRIFT,HIGH,1.0,4.08,1.734,0.2717,0.0814,cetasa|viharati|nissaranam|yathabhutam|antaram|karitva,,thinamiddhapariyuṭṭhitena cetasā viharati thinamiddhaparetena uppannassa ca thinamiddhassa nissaraṇaṃ yathābhūtaṃ nappajānāti so thinamiddhaṃyeva antaraṃ karitvā jhāyati pajjhāyati nijjhāyati apajjhāyati,三解脫有何差別 有何勝如
38,201,MN.38.c079,MA.201.109,TRUE_PAIR,1,3,0.1308,0.0,0.0785,195,22,0.9477,SEMANTIC_DRIFT,HIGH,1.0,3.148,1.942,0.274,0.0737,jati|hoti,,yā vedanāsu nandī tadupādānaṃ tassupādānapaccayā bhavo bhavapaccayā jāti jātipaccayā jarāmaraṇaṃ sokaparidevadukkhadomanassupāyāsā sambhavanti evametassa kevalassa dukkhakkhandhassa samudayo hoti,無明滅則行滅 此說無明滅則行滅 於汝等意云何
82,132,MN.82.c065,MA.132.68,TRUE_PAIR,1,3,0.1319,0.0,0.0791,238,28,0.9472,OMISSION,HIGH,1.0,3.087,1.22,0.2141,0.0674,upasankamitva|saddhim|sammodaniyam|katham|saraniyam|vitisaretva|ekamantam,,yāvatikā yānassa bhūmi yānena gantvā yānā paccorohitvā pattikova ussaṭāya ussaṭāya parisāya yenāyasmā raṭṭhapālo tenupasaṅkami upasaṅkamitvā āyasmatā raṭṭhapālena saddhiṃ sammodi sammodanīyaṃ kathaṃ sāraṇīyaṃ vītisāretvā ekamantaṃ aṭṭhāsi,拘牢婆王聞已 問曰 我當云何以清淨請賴吒惒羅 非以不淨耶
130,64,MN.130.c053,MA.64.46,TRUE_PAIR,1,3,0.1326,0.0,0.0796,143,13,0.947,SEMANTIC_DRIFT,HIGH,1.0,3.459,1.715,0.2341,0.0592,tamenam|ambho|purisa|evamaha|bhante,,tamenaṃ bhikkhave nirayapālā balisena uddharitvā thale patiṭṭhāpetvā evamāhaṃsu ambho purisa kiṃ icchasī ti so evamāha jighacchitosmi bhante ti,可喜樂報 猶虛空神宮殿之中
136,171,MN.136.c023,MA.171.29,TRUE_PAIR,1,3,0.1303,0.0,0.0782,141,18,0.9469,SEMANTIC_DRIFT,HIGH,1.0,2.97,1.81,0.2754,0.0802,tassa|tattha,,iti so yadeva tassa sāmaṃ ñātaṃ sāmaṃ diṭṭhaṃ sāmaṃ viditaṃ tadeva tattha thāmasā parāmāsā abhinivissa voharati idameva saccaṃ moghamañña nti,分別大業經者 於如來倍復增上心靖得喜
54,203,MN.54.c031,MA.203.30,TRUE_PAIR,1,3,0.1332,0.0,0.0799,149,10,0.9467,OMISSION,HIGH,1.0,3.897,1.412,0.2343,0.0716,idha|gahapati|ariyasavako|patisancikkhati|aham|samyojananam|hetu|assam,,idha gahapati ariyasāvako iti paṭisañcikkhati yesaṃ kho ahaṃ saṃyojanānaṃ hetu kodhūpāyāsī assaṃ tesāhaṃ saṃyojanānaṃ pahānāya samucchedāya paṭipanno,居士答曰 唯然 瞿曇
136,171,MN.136.c027,MA.171.32,TRUE_PAIR,1,3,0.127,0.0,0.0762,141,19,0.9456,SEMANTIC_DRIFT,HIGH,1.0,2.892,1.851,0.2754,0.0802,tassa|tattha,,iti so yadeva tassa sāmaṃ ñātaṃ sāmaṃ diṭṭhaṃ sāmaṃ viditaṃ tadeva tattha thāmasā parāmāsā abhinivissa voharati idameva saccaṃ moghamañña nti,尊者阿難白曰 唯然 時 諸比丘受教而聽
31,185,MN.31.c016,MA.185.17,TRUE_PAIR,1,3,0.1365,0.0,0.0819,229,29,0.9448,OMISSION,HIGH,1.0,2.981,1.389,0.2283,0.0661,passati|hoti|dutiyam|mayam|bhante|vacam,,yo passati pānīyaghaṭaṃ vā paribhojanīyaghaṭaṃ vā vaccaghaṭaṃ vā rittaṃ tucchaṃ so upaṭṭhāpeti sacassa hoti avisayhaṃ hatthavikārena dutiyaṃ āmantetvā hatthavilaṅghakena upaṭṭhāpema na tveva mayaṃ bhante tappaccayā vācaṃ bhindāma,問尊者難提 答亦如是 復問尊者金毘羅曰 汝常安隱 無所乏耶
87,216,MN.87.c034,MA.216.24,TRUE_PAIR,1,3,0.1385,0.0,0.0831,242,14,0.9446,OMISSION,HIGH,1.0,4.112,0.634,0.1838,0.0715,mannasi|maharaja|siya,,taṃ kiṃ maññasi mahārāja mayhaṃ te vipariṇāmaññathābhāvā uppajjeyyuṃ sokaparidevadukkhadomanassupāyāsā ti tuyhañhi me mallike vipariṇāmaññathābhāvā jīvitassapi siyā aññathattaṃ kiṃ pana me na uppajjissanti sokaparidevadukkhadomanassupāyāsā ti,末利問王 於意云何 為愛我耶
133,165,MN.133.c007,MA.165.7,TRUE_PAIR,1,3,0.1389,0.0,0.0834,260,16,0.9444,SEMANTIC_DRIFT,HIGH,1.0,4.022,1.703,0.242,0.0605,bhante|upasankamitva|ekamantam|etadavoca|tvam|bhikkhu,,atha kho bhante aññatarā devatā abhikkantāya rattiyā abhikkantavaṇṇā kevalakappaṃ tapodaṃ obhāsetvā yenāhaṃ tenupasaṅkami upasaṅkamitvā ekamantaṃ aṭṭhāsi ekamantaṃ ṭhitā kho sā devatā maṃ etadavoca dhāresi tvaṃ bhikkhu bhaddekarattassa uddesañca vibhaṅgañcā ti,彼天答曰 我亦不受持跋地羅帝偈也
7,93,MN.7.c019,MA.93.11,TRUE_PAIR,1,3,0.1389,0.0,0.0833,247,11,0.9444,SEMANTIC_DRIFT,HIGH,1.0,4.489,1.531,0.2762,0.0896,dhammo|samannagato|hoti|bhagavato|samicippatipanno,,dhammo sandiṭṭhiko akāliko ehipassiko opaneyyiko paccattaṃ veditabbo viññūhī ti saṅghe aveccappasādena samannāgato hoti suppaṭipanno bhagavato sāvakasaṅgho ujuppaṭipanno bhagavato sāvakasaṅgho ñāyappaṭipanno bhagavato sāvakasaṅgho sāmīcippaṭipanno,是愚常遊戲 不能淨黑業
87,216,MN.87.c010,MA.216.6,TRUE_PAIR,1,3,0.1402,0.0,0.0841,169,2,0.9439,OMISSION,HIGH,1.0,6.401,0.61,0.1838,0.0715,gahapati,,piyajātikā hi gahapati ānandasomanassā piyappabhavikā ti atha kho so gahapati sameti me akkhadhuttehī ti pakkāmi atha kho idaṃ kathāvatthu anupubbena rājantepuraṃ pāvisi,心樂
50,131,MN.50.c041,MA.131.69,TRUE_PAIR,1,3,0.1406,0.0,0.0843,274,23,0.9438,SEMANTIC_DRIFT,HIGH,1.0,3.574,1.809,0.2715,0.0723,papima|upasankamitva|etadavocum|tvam|aham,,atha kho maṃ pāpima nirayapālā upasaṅkamitvā etadavocuṃ yadā kho te mārisa saṅkunā saṅku hadaye samāgaccheyya atha naṃ tvaṃ jāneyyāsi vassasahassaṃ me niraye paccamānassā ti so kho ahaṃ pāpima bahūni vassāni bahūni vassasatāni bahūni vassasahassāni tasmiṃ mahāniraye apacciṃ,彼鬼愁憂慼 目連之所訶 恐怖無智慧 即於彼處沒
31,185,MN.31.c017,MA.185.18,TRUE_PAIR,1,3,0.1409,0.0,0.0846,159,20,0.9433,OMISSION,HIGH,1.0,2.991,1.322,0.2283,0.0661,mayam|bhante|appamatta|sadhu|anuruddha,,pañcāhikaṃ kho pana mayaṃ bhante sabbarattikaṃ dhammiyā kathāya sannisīdāma evaṃ kho mayaṃ bhante appamattā ātāpino pahitattā viharāmā ti sādhu sādhu anuruddhā,尊者金毘羅白曰 世尊 我常安隱 無有所乏
127,79,MN.127.c021,MA.79.18,TRUE_PAIR,1,3,0.1381,0.0,0.0829,208,27,0.9429,SEMANTIC_DRIFT,HIGH,1.0,2.946,1.761,0.2464,0.0615,hoti|gahapati|tato|seyyathapi|puriso|tani|tamha,,hoti kho so gahapati samayo yā tā devatā tato vipakkamanti tāsaṃ tato vipakkamantīnaṃ vaṇṇanānattañceva paññāyati ābhānānattañca seyyathāpi gahapati puriso tāni sambahulāni telappadīpāni tamhā gharā nīhareyya,尊者阿那律陀告曰 財主 汝前問此事 汝先自答 我當後答
82,132,MN.82.c055,MA.132.50,TRUE_PAIR,1,3,0.1138,0.0,0.0683,144,23,0.9427,OMISSION,HIGH,1.0,2.646,1.489,0.2141,0.0674,ayasma|yena|upasankamitva,,atha kho āyasmā raṭṭhapālo pubbaṇhasamayaṃ nivāsetvā pattacīvaramādāya yena sakapitu nivesanaṃ tenupasaṅkami upasaṅkamitvā paññatte āsane nisīdi,此欺愚癡人 不誑度彼岸 以眾好綵色 莊嚴臭穢身
87,216,MN.87.c030,MA.216.18,TRUE_PAIR,1,3,0.1438,0.0,0.0863,268,5,0.9425,OMISSION,HIGH,1.0,5.744,0.56,0.1838,0.0715,mannasi|maharaja|siya,,taṃ kiṃ maññasi mahārāja vāsabhāya te khattiyāya vipariṇāmaññathābhāvā uppajjeyyuṃ sokaparidevadukkhadomanassupāyāsā ti vāsabhāya me mallike khattiyāya vipariṇāmaññathābhāvā jīvitassapi siyā aññathattaṃ kiṃ pana me na uppajjissanti sokaparidevadukkhadomanassupāyāsā ti,答曰 實愛
38,201,MN.38.c091,MA.201.119,TRUE_PAIR,1,3,0.1439,0.0,0.0863,272,31,0.9424,SEMANTIC_DRIFT,HIGH,1.0,3.133,1.765,0.274,0.0737,pahaya|pativirato|hoti|vacam,,samphappalāpaṃ pahāya samphappalāpā paṭivirato hoti kālavādī bhūtavādī atthavādī dhammavādī vinayavādī nidhānavatiṃ vācaṃ bhāsitā kālena sāpadesaṃ pariyantavatiṃ atthasaṃhitaṃ so bījagāmabhūtagāmasamārambhā paṭivirato hoti ekabhattiko hoti rattūparato virato vikālabhojanā,世尊歎曰 善哉 善哉 若汝等如是知 如是見 汝等頗故殺父母 害
56,133,MN.56.c021,MA.133.38,TRUE_PAIR,1,3,0.143,0.0,0.0858,198,25,0.9423,SEMANTIC_DRIFT,HIGH,1.0,2.986,1.749,0.2537,0.0633,yatha|byakatam,,yathā taṃ sutavatā sāvakena sammadeva satthusāsanaṃ ājānantena evamevaṃ bhadantena tapassinā samaṇassa gotamassa byākataṃ kiñhi sobhati chavo manodaṇḍo imassa evaṃ oḷārikassa kāyadaṇḍassa upanidhāya,長苦行尼揵答曰 居士 我已再三審定沙門瞿曇如此事也
87,216,MN.87.c036,MA.216.27,TRUE_PAIR,1,3,0.1219,0.0,0.0732,204,31,0.9418,OMISSION,HIGH,1.0,2.718,0.866,0.1838,0.0715,mannasi|maharaja,,kāsikosalānaṃ mallike ānubhāvena kāsikacandanaṃ paccanubhoma mālāgandhavilepanaṃ dhāremā ti taṃ kiṃ maññasi mahārāja kāsikosalānaṃ te vipariṇāmaññathābhāvā uppajjeyyuṃ sokaparidevadukkhadomanassupāyāsā ti,末利白曰 以此事故 知愛生時 便生愁慼 啼哭 憂苦 煩惋 懊惱
99,152,MN.99.c007,MA.152.11,TRUE_PAIR,1,3,0.1461,0.0,0.0876,519,9,0.9416,SEMANTIC_DRIFT,HIGH,1.0,5.85,1.782,0.2631,0.0657,idha|gotamo|aham|atthi|hoti,,idha bhavaṃ gotamo kimāhā ti etthāpi kho ahaṃ māṇava vibhajjavādo nāhamettha ekaṃsavādo atthi māṇava kammaṭṭhānaṃ mahaṭṭhaṃ mahākiccaṃ mahādhikaraṇaṃ mahāsamārambhaṃ vipajjamānaṃ appaphalaṃ hoti atthi māṇava kammaṭṭhānaṃ mahaṭṭhaṃ mahākiccaṃ mahādhikaraṇaṃ mahāsamārambhaṃ sampajjamānaṃ mahapphalaṃ h,世尊告曰 此事不定
130,64,MN.130.c033,MA.64.23,TRUE_PAIR,1,3,0.1469,0.0,0.0881,205,23,0.9412,OMISSION,HIGH,1.0,3.156,1.473,0.2341,0.0592,tamenam|raja|evamaha|ambho|purisa|tvam|bhante,,tamenaṃ bhikkhave yamo rājā evamāha ambho purisa na tvaṃ addasa manussesu itthiṃ vā purisaṃ vā ekāhamataṃ vā dvīhamataṃ vā tīhamataṃ vā uddhumātakaṃ vinīlakaṃ vipubbakajāta nti so evamāha addasaṃ bhante ti,地獄內鐵地 熾燃鐵火布 深無量由延 乃至地底住
108,145,MN.108.c048,MA.145.61,TRUE_PAIR,1,3,0.147,0.0,0.0882,212,20,0.9412,SEMANTIC_DRIFT,HIGH,1.0,3.406,1.533,0.2717,0.0814,idha|brahmana|ekacco|cetasa|viharati|nissaranam|yathabhutam|antaram,,idha brāhmaṇa ekacco kāmarāgapariyuṭṭhitena cetasā viharati kāmarāgaparetena uppannassa ca kāmarāgassa nissaraṇaṃ yathābhūtaṃ nappajānāti so kāmarāgaṃyeva antaraṃ karitvā jhāyati pajjhāyati nijjhāyati apajjhāyati,尊者阿難答曰 目揵連 汝便可問 我聞當思
81,63,MN.81.c056,MA.63.41,TRUE_PAIR,1,3,0.1073,0.0,0.0644,204,36,0.9405,SEMANTIC_DRIFT,HIGH,1.0,2.503,2.003,0.2837,0.0881,maharaja|pitisukham|nama|tena|samayena,,atha kho mahārāja ghaṭikāraṃ kumbhakāraṃ aḍḍhamāsaṃ pītisukhaṃ na vijahati sattāhaṃ mātāpitūnaṃ ekamidāhaṃ mahārāja samayaṃ tattheva vegaḷiṅge nāma gāmanigame viharāmi tena kho pana samayena kuṭi ovassati,加趺坐 息心靜默 至于七日 於十五日中而得歡樂 其家父母於七日中亦得歡樂
97,27,MN.97.c027,MA.27.18,TRUE_PAIR,1,3,0.1488,0.0,0.0893,150,11,0.9405,SEMANTIC_DRIFT,HIGH,1.0,3.769,1.62,0.2466,0.0603,mannasi|dhananjani|hetu|assa|tamenam,,taṃ kiṃ maññasi dhanañjāni idhekacco devatānaṃ hetu adhammacārī visamacārī assa tamenaṃ adhammacariyāvisamacariyāhetu nirayaṃ nirayapālā upakaḍḍheyyuṃ,恃梵志 居士 欺誑於王
87,216,MN.87.c032,MA.216.21,TRUE_PAIR,1,3,0.149,0.0,0.0894,276,25,0.9404,OMISSION,HIGH,1.0,3.465,0.487,0.1838,0.0715,mannasi|maharaja|siya,,taṃ kiṃ maññasi mahārāja viṭaṭūbhassa te senāpatissa vipariṇāmaññathābhāvā uppajjeyyuṃ sokaparidevadukkhadomanassupāyāsā ti viṭaṭūbhassa me mallike senāpatissa vipariṇāmaññathābhāvā jīvitassapi siyā aññathattaṃ kiṃ pana me na uppajjissanti sokaparidevadukkhadomanassupāyāsā ti,陀利象 愛婆夷利童女 愛雨日蓋 愛加尸及拘薩羅國耶
43,211,MN.43.c027,MA.211.47,TRUE_PAIR,1,3,0.1494,0.0,0.0896,279,15,0.9402,OMISSION,HIGH,1.0,4.217,1.395,0.2487,0.0712,avuso|paticca|seyyathidam|panavuso,,imāni kho āvuso pañcindriyāni kiṃ paṭicca tiṭṭhantī ti pañcimāni āvuso indriyāni seyyathidaṃ cakkhundriyaṃ sotindriyaṃ ghānindriyaṃ jivhindriyaṃ kāyindriyaṃ imāni kho āvuso pañcindriyāni āyuṃ paṭicca tiṭṭhantī ti āyu panāvuso kiṃ paṭicca tiṭṭhatī ti āyu usmaṃ paṭicca tiṭṭhatī ti,復問曰 賢者拘絺羅 滅者有何對
82,132,MN.82.c100,MA.132.108,TRUE_PAIR,1,3,0.15,0.0,0.09,259,6,0.94,OMISSION,HIGH,1.0,5.432,0.952,0.2141,0.0674,etarahi|pancahi|evameva|imam|aham,,yathāhaṃ bho raṭṭhapāla etarahi pañcahi kāmaguṇehi samappito samaṅgībhūto paricāremi nāhaṃ lacchāmi paratthāpi evameva imeheva pañcahi kāmaguṇehi samappito samaṅgībhūto paricāremī ti atha kho aññe imaṃ bhogaṃ paṭipajjissanti ahaṃ pana yathākammaṃ gamissāmī ti,者 我必取之
125,198,MN.125.c033,MA.198.27,TRUE_PAIR,1,3,0.1217,0.0,0.073,169,27,0.9395,SEMANTIC_DRIFT,HIGH,1.0,2.646,1.539,0.2428,0.0787,yato|hoti|tamenam,,yato kho aggivessana āraññako nāgo hatthidamakassa ādānanikkhepe vacanakaro hoti ovādappaṭikaro tamenaṃ hatthidamako uttari kāraṇaṃ kāreti abhikkama bho paṭikkama bho ti,耳 牙 及縛其鼻 使人捉鉤 騎其頭上 令眾多人持刀 楯
38,201,MN.38.c104,MA.201.140,TRUE_PAIR,1,3,0.1024,0.1,0.1014,213,10,0.939,SEMANTIC_DRIFT,HIGH,1.0,4.413,2.327,0.274,0.0737,puna|caparam|bhikkhu|vitakkavicaranam|vupasama|ajjhattam|sampasadanam|cetaso,,puna caparaṃ bhikkhave bhikkhu vitakkavicārānaṃ vūpasamā ajjhattaṃ sampasādanaṃ cetaso ekodibhāvaṃ avitakkaṃ avicāraṃ samādhijaṃ pītisukhaṃ dutiyaṃ jhānaṃ pe tatiyaṃ jhānaṃ pe catutthaṃ jhānaṃ upasampajja viharati,比丘答曰 如是 世尊
130,64,MN.130.c032,MA.64.22,TRUE_PAIR,1,3,0.1527,0.0,0.0916,252,23,0.9389,OMISSION,HIGH,1.0,3.454,1.375,0.2341,0.0592,tamenam|raja|catuttham|ambho|purisa|tvam|evamaha|bhante,,tamenaṃ bhikkhave yamo rājā catutthaṃ devadūtaṃ samanuyuñjitvā samanugāhitvā samanubhāsitvā pañcamaṃ devadūtaṃ samanuyuñjati samanugāhati samanubhāsati ambho purisa na tvaṃ addasa manussesu pañcamaṃ devadūtaṃ pātubhūta nti so evamāha nāddasaṃ bhante ti,四柱有四門 壁方十二楞 以鐵為垣墻 其上鐵覆蓋
43,211,MN.43.c025,MA.211.44,TRUE_PAIR,1,3,0.1048,0.0,0.0629,171,32,0.9387,SEMANTIC_DRIFT,HIGH,1.0,2.418,2.022,0.2487,0.0712,avuso|seyyathidam,,pañcimāni āvuso indriyāni nānāvisayāni nānāgocarāni na aññamaññassa gocaravisayaṃ paccanubhonti seyyathidaṃ cakkhundriyaṃ sotindriyaṃ ghānindriyaṃ jivhindriyaṃ kāyindriyaṃ,復問曰 賢者拘絺羅 覺 想 思 此三法為合為別 此三法可別施設耶
128,72,MN.128.c034,MA.72.59,TRUE_PAIR,1,3,0.1535,0.0,0.0921,279,23,0.9386,OMISSION,HIGH,1.0,3.601,1.274,0.2418,0.0694,seyyathapi|anuruddha|puriso|tassa|tatonidanam|evameva|samadhi,,seyyathāpi anuruddhā puriso addhānamaggappaṭipanno tassa ubhatopasse vaṭṭakā uppateyyuṃ tassa tatonidānaṃ chambhitattaṃ uppajjeyya evameva kho me anuruddhā chambhitattaṃ udapādi chambhitattādhikaraṇañca pana me samādhi cavi samādhimhi cute obhāso antaradhāyati dassanañca rūpānaṃ,獨行莫為惡 如象獨在野 獨行為善勝 勿與惡共會
135,170,MN.135.c008,MA.170.10,TRUE_PAIR,1,3,0.1535,0.0,0.0921,289,5,0.9386,OMISSION,HIGH,1.0,5.853,1.136,0.2245,0.0625,patipada|yadidam|hoti|idha|ekacco|puriso|pahaya|pativirato,,appāyukasaṃvattanikā esā māṇava paṭipadā yadidaṃ pāṇātipātī hoti luddo lohitapāṇi hatapahate niviṭṭho adayāpanno pāṇabhūtesu idha pana māṇava ekacco itthī vā puriso vā pāṇātipātaṃ pahāya pāṇātipātā paṭivirato hoti nihitadaṇḍo nihitasattho lajjī dayāpanno sabbapāṇabhūtahitānukampī viharati,答曰 見也
54,203,MN.54.c032,MA.203.31,TRUE_PAIR,1,3,0.154,0.0,0.0924,255,29,0.9384,OMISSION,HIGH,1.0,3.136,1.122,0.2343,0.0716,ahanceva|assam|kayassa|bheda|param|marana|etam|yadidam,,ahañceva kho pana kodhūpāyāsī assaṃ attāpi maṃ upavadeyya kodhūpāyāsapaccayā anuviccāpi maṃ viññū garaheyyuṃ kodhūpāyāsapaccayā kāyassa bhedā paraṃ maraṇā duggati pāṭikaṅkhā kodhūpāyāsapaccayā etadeva kho pana saṃyojanaṃ etaṃ nīvaraṇaṃ yadidaṃ kodhūpāyāso,於居士意云何 若此烏鵄能速捨此小肉臠者 餘烏鵄鳥當復競逐耶
27,146,MN.27.c041,MA.146.31,TRUE_PAIR,1,3,0.1385,0.0,0.0831,190,27,0.9384,SEMANTIC_DRIFT,HIGH,1.0,2.815,1.589,0.2646,0.0793,papaka|akusala|dhamma|tassa,,yatvādhikaraṇamenaṃ cakkhundriyaṃ asaṃvutaṃ viharantaṃ abhijjhādomanassā pāpakā akusalā dhammā anvāssaveyyuṃ tassa saṃvarāya paṭipajjati rakkhati cakkhundriyaṃ cakkhundriye saṃvaraṃ āpajjati,舞 倡妓及往觀聽 斷歌舞 倡妓及往觀聽 彼於歌舞 倡妓
133,165,MN.133.c026,MA.165.29,TRUE_PAIR,1,3,0.1532,0.0,0.0919,174,22,0.9382,OMISSION,HIGH,1.0,2.984,1.467,0.242,0.0605,ahosi|tattha|hoti|tadabhinandati|tadabhinandanto|atitam|anvagameti,,iti me cakkhu ahosi atītamaddhānaṃ iti rūpāti tattha chandarāgappaṭibaddhaṃ hoti viññāṇaṃ chandarāgappaṭibaddhattā viññāṇassa tadabhinandati tadabhinandanto atītaṃ anvāgameti,學聖人行 孰知愁於死 我要不會彼 大苦災患終
54,203,MN.54.c055,MA.203.48,TRUE_PAIR,1,3,0.1239,0.0,0.0743,229,37,0.9381,SEMANTIC_DRIFT,HIGH,1.0,2.63,1.542,0.2343,0.0716,ajjhogahetva|tassa|evamassa|ayam|natthi,,so taṃ vanasaṇḍaṃ ajjhogāhetvā taṃ rukkhaṃ passeyya sampannaphalañca upapannaphalañca tassa evamassa ayaṃ kho rukkho sampannaphalo ca upapannaphalo ca natthi ca kānici phalāni bhūmiyaṃ patitāni jānāmi kho panāhaṃ rukkhaṃ ārohituṃ,緣樹 我今寧可上此樹耶 念已便上 復有一人來 飢餓羸乏 欲得食果 持極利斧
87,216,MN.87.c001,MA.216.1,TRUE_PAIR,1,3,0.0622,0.0,0.0373,238,21,0.9376,SEMANTIC_DRIFT,HIGH,0.875,3.503,1.701,0.1838,0.0715,ekam|bhagava|viharati|tena|samayena|hoti|tassa,neva,evaṃ me sutaṃ ekaṃ samayaṃ bhagavā sāvatthiyaṃ viharati jetavane anāthapiṇḍikassa ārāme tena kho pana samayena aññatarassa gahapatissa ekaputtako piyo manāpo kālaṅkato hoti tassa kālaṃkiriyāya neva kammantā paṭibhanti na bhattaṃ paṭibhāti,我聞如是 一時 佛遊舍衛國 在勝林給孤獨園
108,145,MN.108.c036,MA.145.42,TRUE_PAIR,1,3,0.1559,0.0,0.0936,243,21,0.9376,OMISSION,HIGH,1.0,3.532,1.424,0.2717,0.0814,anekepi|evamnamo|evamgotto|evamvanno|evamaharo|evamsukhadukkhappatisamvedi|evamayupariyanto|tato,,jātisatasahassampi anekepi saṃvaṭṭakappe anekepi vivaṭṭakappe anekepi saṃvaṭṭavivaṭṭakappe amutrāsiṃ evaṃnāmo evaṃgotto evaṃvaṇṇo evamāhāro evaṃsukhadukkhappaṭisaṃvedī evamāyupariyanto so tato cuto amutra udapādiṃ tatrāpāsiṃ evaṃnāmo evaṃgotto,尊者阿難答曰 我今遊行此王舍城竹林加蘭哆園
66,192,MN.66.c042,MA.192.31,TRUE_PAIR,1,3,0.156,0.0,0.0936,252,6,0.9376,SEMANTIC_DRIFT,HIGH,1.0,5.392,1.847,0.2709,0.0622,ekacco|puggalo|patipanno|hoti|tamenam,,idhudāyi ekacco puggalo upadhipahānāya paṭipanno hoti upadhipaṭinissaggāya tamenaṃ upadhipahānāya paṭipannaṃ upadhipaṭinissaggāya upadhipaṭisaṃyuttā sarasaṅkappā samudācaranti so te adhivāseti nappajahati na vinodeti na byantīkaroti na anabhāvaṃ gameti,絕 不得解脫
13,99,MN.13.c046,MA.99.31,TRUE_PAIR,1,3,0.1567,0.0,0.094,240,28,0.9373,OMISSION,HIGH,1.0,3.1,0.649,0.2187,0.0955,puna|caparam|tameva,,puna caparaṃ bhikkhave tameva bhaginiṃ passeyya sarīraṃ sivathikāya chaḍḍitaṃ aṭṭhikasaṅkhalikaṃ samaṃsalohitaṃ nhārusambandhaṃ aṭṭhikasaṅkhalikaṃ nimaṃsalohitamakkhitaṃ nhārusambandhaṃ aṭṭhikasaṅkhalikaṃ apagatamaṃsalohitaṃ nhārusambandhaṃ,復次 若見彼姝息道 骨節解散 散在諸方 足骨 答曰 如是
54,203,MN.54.c012,MA.203.15,TRUE_PAIR,1,3,0.1578,0.0,0.0947,228,5,0.9369,OMISSION,HIGH,1.0,5.511,1.069,0.2343,0.0716,tena|gahapati|bhante|bhagavato|bhagava|etadavoca|nissaya|pahatabbo,,tena hi gahapati suṇāhi sādhukaṃ manasi karohi bhāsissāmī ti evaṃ bhante ti kho potaliyo gahapati bhagavato paccassosi bhagavā etadavoca apāṇātipātaṃ nissāya pāṇātipāto pahātabbo ti iti kho panetaṃ vuttaṃ kiñcetaṃ paṭicca vuttaṃ,支斷俗事也
38,201,MN.38.c085,MA.201.112,TRUE_PAIR,1,3,0.1587,0.0,0.0952,212,6,0.9365,SEMANTIC_DRIFT,HIGH,1.0,5.143,1.564,0.274,0.0737,tena|samannagato|patisancikkhati|brahmacariyam,,so tena saddhāpaṭilābhena samannāgato iti paṭisañcikkhati sambādho gharāvāso rajāpatho abbhokāso pabbajjā nayidaṃ sukaraṃ agāraṃ ajjhāvasatā ekantaparipuṇṇaṃ ekantaparisuddhaṃ saṅkhalikhitaṃ brahmacariyaṃ carituṃ,此淳大苦陰滅
127,79,MN.127.c017,MA.79.14,TRUE_PAIR,1,3,0.1592,0.0,0.0955,295,21,0.9363,OMISSION,HIGH,1.0,3.812,1.418,0.2464,0.0615,kayassa|bheda|param|marana|idha|gahapati|ekacco|pharitva,,so kāyassa bhedā paraṃ maraṇā parittābhānaṃ devānaṃ sahabyataṃ upapajjati idha pana gahapati ekacco appamāṇābhā ti pharitvā adhimuccitvā viharati so kāyassa bhedā paraṃ maraṇā appamāṇābhānaṃ devānaṃ sahabyataṃ upapajjati idha pana gahapati ekacco saṃkiliṭṭhābhā ti pharitvā adhimuccitvā viharati,尊者阿那律陀告曰 財主 隨汝所問 聞已當思
93,151,MN.93.c056,MA.151.66,TRUE_PAIR,1,3,0.1592,0.0,0.0955,274,33,0.9363,OMISSION,HIGH,1.0,3.054,1.057,0.237,0.0737,satta|yatha|tatha|ceva|hoti,,atha kho assalāyana satta brāhmaṇisayo asitaṃ devalaṃ isiṃ abhisapiṃsu bhasmā vasala hohi bhasmā vasala hohī ti yathā yathā kho assalāyana satta brāhmaṇisayo asitaṃ devalaṃ isiṃ abhisapiṃsu tathā tathā asito devalo isi abhirūpataro ceva hoti dassanīyataro ca pāsādikataro ca,世尊復問曰 摩納 復有一梵志作齋行施 彼有四兒 二好學問 然不精進
22,200,MN.22.c051,MA.200.32,TRUE_PAIR,1,3,0.1598,0.0,0.0959,240,9,0.9361,OMISSION,HIGH,1.0,4.737,1.44,0.259,0.0689,tassa|evamassa|ayam|nissaya|sotthina|param|imam|yena,,tassa purisassa uttiṇṇassa pāraṅgatassa evamassa bahukāro kho me ayaṃ kullo imāhaṃ kullaṃ nissāya hatthehi ca pādehi ca vāyamamāno sotthinā pāraṃ uttiṇṇo yaṃnūnāhaṃ imaṃ kullaṃ sīse vā āropetvā khandhe vā uccāretvā yena kāmaṃ pakkameyya nti,竟 能為栰有所益耶
5,87,MN.5.c058,MA.87.41,TRUE_PAIR,1,3,0.1597,0.0,0.0958,298,16,0.9361,OMISSION,HIGH,1.0,4.219,0.804,0.2134,0.0668,evameva|avuso|papaka|akusala|ceva|hoti|sakkaronti|garum,,evameva kho āvuso yassa kassaci bhikkhuno ime pāpakā akusalā icchāvacarā appahīnā dissanti ceva sūyanti ca kiñcāpi so hoti āraññiko pantasenāsano piṇḍapātiko sapadānacārī paṃsukūliko lūkhacīvaradharo atha kho naṃ sabrahmacārī na ceva sakkaronti na garuṃ karonti na mānenti na pūjenti taṃ kissa hetu,梨子 我今欲為此事說喻 聽我說耶
89,213,MN.89.c011,MA.213.9,TRUE_PAIR,1,3,0.1603,0.0,0.0962,227,13,0.9359,SEMANTIC_DRIFT,HIGH,1.0,4.126,1.95,0.292,0.0676,raja|yena|nama|tena|teneva,,atha kho rājā pasenadi kosalo bhadraṃ yānaṃ abhiruhitvā bhadrehi bhadrehi yānehi nagarakamhā yena medāḷupaṃ nāma sakyānaṃ nigamo tena pāyāsi teneva divasāvasesena medāḷupaṃ nāma sakyānaṃ nigamaṃ sampāpuṇi yena ārāmo tena pāyāsi,外 往至釋家都邑 名彌婁離
143,28,MN.143.c021,MA.28.30,TRUE_PAIR,1,3,0.1205,0.0,0.0723,160,28,0.9356,SEMANTIC_DRIFT,HIGH,1.0,2.515,1.983,0.28,0.0805,gahapati|sikkhitabbam|upadiyissami|bhavissati|evanhi,,tasmātiha te gahapati evaṃ sikkhitabbaṃ na cakkhusamphassaṃ upādiyissāmi na ca me cakkhusamphassanissitaṃ viññāṇaṃ bhavissatī ti evañhi te gahapati sikkhitabbaṃ,暗 尊者舍梨子 我便恐怖 舉身毛竪 莫令人 非人來觸嬈我
77,207,MN.77.c116,MA.207.32,TRUE_PAIR,1,3,0.1612,0.0,0.0967,234,23,0.9355,OMISSION,HIGH,1.0,3.347,0.69,0.2094,0.0698,cittam|anuttaram|citta,,saṅkhittaṃ vā cittaṃ vikkhittaṃ vā cittaṃ mahaggataṃ vā cittaṃ amahaggataṃ vā cittaṃ sauttaraṃ vā cittaṃ anuttaraṃ vā cittaṃ samāhitaṃ vā cittaṃ asamāhitaṃ vā cittaṃ vimuttaṃ vā cittaṃ avimuttaṃ vā cittaṃ avimuttaṃ citta nti pajānanti,復次 優陀夷 我有弟子 謂無上知見稱說我 世尊
91,161,MN.91.c023,MA.161.30,TRUE_PAIR,1,3,0.1626,0.0,0.0976,263,20,0.935,SEMANTIC_DRIFT,HIGH,1.0,3.717,1.66,0.3072,0.0871,gotamo|kaye,,kosohitavatthaguyho kho pana so bhavaṃ gotamo suvaṇṇavaṇṇo kho pana so bhavaṃ gotamo kañcanasannibhattaco sukhumacchavi kho pana so bhavaṃ gotamo sukhumattā chaviyā rajojallaṃ kāye na upalimpati ekekalomo kho pana so bhavaṃ gotamo ekekāni lomāni lomakūpesu jātāni,迦羅毘伽 是謂 尊 沙門瞿曇大人大人之相
87,216,MN.87.c019,MA.216.12,TRUE_PAIR,1,3,0.1453,0.0,0.0872,166,24,0.9349,OMISSION,HIGH,1.0,2.79,0.539,0.1838,0.0715,brahmana|bhagini,,bhūtapubbaṃ brāhmaṇa imissāyeva sāvatthiyā aññatarissā itthiyā pitā kālamakāsi bhātā kālamakāsi bhaginī kālamakāsi putto kālamakāsi dhītā kālamakāsi sāmiko kālamakāsi,末利皇后白曰 大王 若不信者 可自往問 亦可遣使
56,133,MN.56.c027,MA.133.44,TRUE_PAIR,1,3,0.1627,0.0,0.0976,170,19,0.9349,OMISSION,HIGH,1.0,3.161,1.438,0.2537,0.0633,tvam|gahapati|vadam|aham,,gaccha tvaṃ gahapati samaṇassa gotamassa imasmiṃ kathāvatthusmiṃ vādaṃ āropehi ahaṃ vā hi gahapati samaṇassa gotamassa vādaṃ āropeyyaṃ dīghatapassī vā nigaṇṭho tvaṃ vā ti,私 恐優婆離居士受沙門瞿曇化 化作弟子
87,216,MN.87.c016,MA.216.10,TRUE_PAIR,1,3,0.1629,0.0,0.0977,303,4,0.9348,OMISSION,HIGH,1.0,6.243,0.293,0.1838,0.0715,ekamantam|nisinno|brahmano|bhagavantam|etadavoca|gotama|pade|sirasa,,ekamantaṃ nisinno kho nāḷijaṅgho brāhmaṇo bhagavantaṃ etadavoca mallikā bho gotama devī bhoto gotamassa pāde sirasā vandati appābādhaṃ appātaṅkaṃ lahuṭṭhānaṃ balaṃ phāsuvihāraṃ pucchati evañca vadeti bhāsitā nu kho bhante bhagavatā esā vācā piyajātikā sokaparidevadukkhadomanassupāyāsā piyappabhavikā,頷頭而去
122,191,MN.122.c047,MA.191.37,TRUE_PAIR,1,3,0.1631,0.0,0.0978,129,8,0.9348,SEMANTIC_DRIFT,HIGH,1.0,4.011,1.926,0.3137,0.0782,ceva,,so anvāvattantesu brāhmaṇagahapatikesu negamesu ceva jānapadesu ca na mucchaṃ nikāmayati na gedhaṃ āpajjati na āvattati bāhullāya,失以弟子多集會故
128,72,MN.128.c031,MA.72.53,TRUE_PAIR,1,3,0.1634,0.0,0.098,270,23,0.9346,OMISSION,HIGH,1.0,3.553,1.131,0.2418,0.0694,tassa|anuruddha|hetu|yena|samadhi,,tassa mayhaṃ anuruddhā etadahosi ko nu kho hetu ko paccayo yena me obhāso antaradhāyati dassanañca rūpāna nti tassa mayhaṃ anuruddhā etadahosi amanasikāro kho me udapādi amanasikārādhikaraṇañca pana me samādhi cavi samādhimhi cute obhāso antaradhāyati dassanañca rūpānaṃ,罵詈責數說 而能制和合 若思真實義 怨結必得息
93,151,MN.93.c008,MA.151.8,TRUE_PAIR,1,3,0.1637,0.0,0.0982,202,12,0.9345,OMISSION,HIGH,1.0,4.073,0.996,0.237,0.0737,manavo|etadavoca|samano|gotamo|gotamena|saddhim,,dutiyampi kho assalāyano māṇavo te brāhmaṇe etadavoca samaṇo khalu bho gotamo dhammavādī dhammavādino ca pana duppaṭimantiyā bhavanti nāhaṃ sakkomi samaṇena gotamena saddhiṃ asmiṃ vacane paṭimantetu nti,拘薩羅眾多梵志語曰 摩納
43,211,MN.43.c042,MA.211.77,TRUE_PAIR,1,3,0.164,0.0,0.0984,290,32,0.9344,OMISSION,HIGH,1.0,3.18,1.19,0.2487,0.0712,avuso|atthi|agamma|dhamma|ceva|nanam,,yā cāyaṃ āvuso appamāṇā cetovimutti yā ca ākiñcaññā cetovimutti yā ca suññatā cetovimutti yā ca animittā cetovimutti atthi kho āvuso pariyāyo yaṃ pariyāyaṃ āgamma ime dhammā nānātthā ceva nānābyañjanā ca atthi ca kho āvuso pariyāyo yaṃ pariyāyaṃ āgamma ime dhammā ekatthā byañjanameva nānaṃ,尊者大拘絺羅答曰 比丘從滅盡定起時 先生意行 次生口行 後生身行
43,211,MN.43.c019,MA.211.30,TRUE_PAIR,1,3,0.164,0.0,0.0984,265,18,0.9344,OMISSION,HIGH,1.0,3.88,1.19,0.2487,0.0712,avuso|ayatim|hoti|katham|panavuso,,avijjānīvaraṇānaṃ kho āvuso sattānaṃ taṇhāsaṃyojanānaṃ tatratatrābhinandanā evaṃ āyatiṃ punabbhavābhinibbatti hotī ti kathaṃ panāvuso āyatiṃ punabbhavābhinibbatti na hotī ti avijjāvirāgā kho āvuso vijjuppādā taṇhānirodhā evaṃ āyatiṃ punabbhavābhinibbatti na hotī ti,復問曰 賢者拘絺羅 幾因幾緣生正見耶
38,201,MN.38.c070,MA.201.99,TRUE_PAIR,1,3,0.1644,0.0,0.0986,248,22,0.9342,OMISSION,HIGH,1.0,3.495,1.487,0.274,0.0737,tumhe|bhante|sadhu|imina,,nanu bhikkhave yadeva tumhākaṃ sāmaṃ ñātaṃ sāmaṃ diṭṭhaṃ sāmaṃ viditaṃ tadeva tumhe vadethā ti evaṃ bhante sādhu bhikkhave upanītā kho me tumhe bhikkhave iminā sandiṭṭhikena dhammena akālikena ehipassikena opaneyyikena paccattaṃ veditabbena viññūhi,更樂滅則覺滅 此說更樂滅則覺滅 於汝等意云何
80,209,MN.80.c010,MA.209.14,TRUE_PAIR,1,3,0.1644,0.0,0.0986,256,25,0.9342,OMISSION,HIGH,1.0,3.356,1.211,0.258,0.0773,mannasi|kaccana|katamo|vanno,,taṃ kiṃ maññasi kaccāna yo vā maṇi veḷuriyo subho jātimā aṭṭhaṃso suparikammakato paṇḍukambale nikkhitto bhāsate ca tapate ca virocati ca yo vā rattandhakāratimisāya kimi khajjopanako imesaṃ ubhinnaṃ vaṇṇānaṃ katamo vaṇṇo abhikkantataro ca paṇītataro cā ti,積火在夜闇中光明照耀 於中光明 何者最上 為最勝耶
87,216,MN.87.c033,MA.216.23,TRUE_PAIR,1,3,0.1652,0.0,0.0991,229,22,0.9339,OMISSION,HIGH,1.0,3.38,0.261,0.1838,0.0715,maharaja|tena|bhagavata|arahata|sammasambuddhena|bhasitam|mannasi,,idaṃ kho taṃ mahārāja tena bhagavatā jānatā passatā arahatā sammāsambuddhena sandhāya bhāsitaṃ piyajātikā sokaparidevadukkhadomanassupāyāsā piyappabhavikā ti taṃ kiṃ maññasi mahārāja piyā te aha nti evaṃ mallike piyā mesi tva nti,末利復問 若加尸及拘薩羅國變易異者 王當云何
54,203,MN.54.c057,MA.203.51,TRUE_PAIR,1,3,0.1616,0.0,0.097,232,30,0.9337,OMISSION,HIGH,1.0,2.951,1.016,0.2343,0.0716,ajjhogahetva|tassa|evamassa|ayam|natthi,,so taṃ vanasaṇḍaṃ ajjhogāhetvā taṃ rukkhaṃ passeyya sampannaphalañca upapannaphalañca tassa evamassa ayaṃ kho rukkho sampannaphalo ca upapannaphalo ca natthi ca kānici phalāni bhūmiyaṃ patitāni na kho panāhaṃ jānāmi rukkhaṃ ārohituṃ,於居士意云何 若樹上人速來下者 樹倒地時 寧折其臂 餘支體耶
54,203,MN.54.c026,MA.203.28,TRUE_PAIR,1,3,0.1621,0.0,0.0972,255,33,0.9335,OMISSION,HIGH,1.0,2.95,1.009,0.2343,0.0716,ahanceva|assam|kayassa|bheda|param|marana|etam|yadidam,,ahañceva kho pana giddhilobhī assaṃ attāpi maṃ upavadeyya giddhilobhapaccayā anuviccāpi maṃ viññū garaheyyuṃ giddhilobhapaccayā kāyassa bhedā paraṃ maraṇā duggati pāṭikaṅkhā giddhilobhapaccayā etadeva kho pana saṃyojanaṃ etaṃ nīvaraṇaṃ yadidaṃ giddhilobho,世尊答曰 居士 猶如有狗 飢餓羸乏 至屠牛處 彼屠牛師 屠牛弟子淨
56,133,MN.56.c089,MA.133.147,TRUE_PAIR,1,3,0.1663,0.0,0.0998,232,11,0.9335,OMISSION,HIGH,1.0,4.399,1.381,0.2537,0.0633,bhante|brahmanam|etadavoca|tvam|brahmana|bhavissati|vutte|brahmano,,atha kho bhante sā māṇavikā taṃ brāhmaṇaṃ etadavoca gaccha tvaṃ brāhmaṇa āpaṇā makkaṭacchāpakaṃ kiṇitvā ānehi yo me kumārakassa kīḷāpanako bhavissatī ti evaṃ vutte so brāhmaṇo taṃ māṇavikaṃ etadavoca āgamehi tāva bhoti yāva vijāyati,御者無有恚 佛弟子婆離
